,in_nyc,Provider ID,fac_id,Hospital Name,Address,City,State,ZIP Code,County Name,Phone Number,Hospital Type,Hospital Ownership,Emergency Services,Meets criteria for meaningful use of EHRs,Hospital overall rating,Hospital overall rating footnote,Mortality national comparison,Mortality national comparison footnote,Safety of care national comparison,Safety of care national comparison footnote,Readmission national comparison,Readmission national comparison footnote,Patient experience national comparison,Patient experience national comparison footnote,Effectiveness of care national comparison,Effectiveness of care national comparison footnote,Timeliness of care national comparison,Timeliness of care national comparison footnote,Efficient use of medical imaging national comparison,Efficient use of medical imaging national comparison footnote,Location
0,FALSE,330013,1,ALBANY MEDICAL CENTER HOSPITAL,"43 NEW SCOTLAND AVENUE, MAIL CODE 34",ALBANY,NY,12208,ALBANY,5182622400,Acute Care Hospitals,Voluntary non-profit - Private,TRUE,TRUE,2,,Same as the national average,,Above the national average,,Below the national average,,Below the national average,,Same as the national average,,Below the national average,,Same as the national average,,"43 NEW SCOTLAND AVENUE, MAIL CODE 34 ALBANY, NY (42.653254, -73.77386)"
1,FALSE,330003,4,ALBANY MEMORIAL HOSPITAL,600 NORTHERN BOULEVARD,ALBANY,NY,12204,ALBANY,5184713490,Acute Care Hospitals,Voluntary non-profit - Private,TRUE,TRUE,3,,Same as the national average,,Same as the national average,,Above the national average,,Below the national average,,Same as the national average,,Below the national average,,Not Available,Results are not available for this reporting period.,"600 NORTHERN BOULEVARD ALBANY, NY (42.674685, -73.748861)"
2,FALSE,330057,5,ST PETER'S HOSPITAL,315 SOUTH MANNING BOULEVARD,ALBANY,NY,12208,ALBANY,5185251550,Acute Care Hospitals,Voluntary non-profit - Private,TRUE,TRUE,3,,Same as the national average,,Below the national average,,Above the national average,,Below the national average,,Same as the national average,,Below the national average,,Same as the national average,,"315 SOUTH MANNING BOULEVARD ALBANY, NY (42.660176, -73.802382)"
3,FALSE,331301,37,"CUBA MEMORIAL HOSPITAL, INC",140 WEST MAIN STREET,CUBA,NY,14727,ALLEGANY,5859612000,Critical Access Hospitals,Voluntary non-profit - Private,FALSE,TRUE,Not Available,There are too few measures or measure groups reported to calculate a star rating or measure group score.,Not Available,Results are not available for this reporting period.,Not Available,There are too few measures or measure groups reported to calculate a star rating or measure group score.,Not Available,Results are not available for this reporting period.,Not Available,There are too few measures or measure groups reported to calculate a star rating or measure group score.,Not Available,Results are not available for this reporting period.,Same as the national average,,Not Available,There are too few measures or measure groups reported to calculate a star rating or measure group score.,"140 WEST MAIN STREET CUBA, NY (42.213341, -78.288139)"
4,FALSE,330096,39,JONES MEMORIAL HOSPITAL,191 NORTH MAIN STREET,WELLSVILLE,NY,14895,ALLEGANY,5855931100,Acute Care Hospitals,Voluntary non-profit - Private,TRUE,TRUE,2,,Same as the national average,,Not Available,Results are not available for this reporting period.,Above the national average,,Below the national average,,Same as the national average,,Same as the national average,,Not Available,Results are not available for this reporting period.,"191 NORTH MAIN STREET WELLSVILLE, NY (42.122878, -77.949784)"
5,FALSE,330394,42,"UNITED HEALTH SERVICES HOSPITALS, INC",10-42 MITCHELL AVENUE,BINGHAMTON,NY,13903,BROOME,6077636000,Acute Care Hospitals,Voluntary non-profit - Private,TRUE,TRUE,2,,Below the national average,,Above the national average,,Above the national average,,Below the national average,,Same as the national average,,Below the national average,,Same as the national average,,"10-42 MITCHELL AVENUE BINGHAMTON, NY (42.088097, -75.914166)"
6,FALSE,330011,43,"OUR LADY OF LOURDES MEMORIAL HOSPITAL, INC",169 RIVERSIDE DRIVE,BINGHAMTON,NY,13905,BROOME,6077985111,Acute Care Hospitals,Voluntary non-profit - Private,TRUE,TRUE,2,,Same as the national average,,Below the national average,,Below the national average,,Same as the national average,,Same as the national average,,Same as the national average,,Below the national average,,"169 RIVERSIDE DRIVE BINGHAMTON, NY (42.09264, -75.935558)"
7,FALSE,330103,66,OLEAN GENERAL HOSPITAL,515 MAIN STREET,OLEAN,NY,14760,CATTARAUGUS,7163732600,Acute Care Hospitals,Proprietary,TRUE,TRUE,2,,Below the national average,,Above the national average,,Same as the national average,,Below the national average,,Below the national average,,Same as the national average,,Same as the national average,,"515 MAIN STREET OLEAN, NY (42.089448, -78.426977)"
8,FALSE,330235,85,AUBURN  COMMUNITY  HOSPITAL,17 LANSING STREET,AUBURN,NY,13021,CAYUGA,3152557011,Acute Care Hospitals,Voluntary non-profit - Private,TRUE,TRUE,1,,Same as the national average,,Below the national average,,Below the national average,,Below the national average,,Same as the national average,,Below the national average,,Same as the national average,,"17 LANSING STREET AUBURN, NY (42.940761, -76.564607)"
9,FALSE,330229,98,BROOKS MEMORIAL HOSPITAL,529 CENTRAL AVENUE,DUNKIRK,NY,14048,CHAUTAUQUA,7163661111,Acute Care Hospitals,Voluntary non-profit - Private,TRUE,TRUE,2,,Same as the national average,,Above the national average,,Same as the national average,,Below the national average,,Same as the national average,,Same as the national average,,Below the national average,,"529 CENTRAL AVENUE DUNKIRK, NY (42.480106, -79.333617)"
10,FALSE,330239,103,UPMC CHAUTAUQUA WCA,207 FOOTE AVENUE,JAMESTOWN,NY,14701,CHAUTAUQUA,7164870141,Acute Care Hospitals,Voluntary non-profit - Private,TRUE,TRUE,1,,Same as the national average,,Below the national average,,Below the national average,,Below the national average,,Below the national average,,Below the national average,,Below the national average,,"207 FOOTE AVENUE JAMESTOWN, NY (42.091237, -79.23295)"
11,FALSE,330166,111,"WESTFIELD MEMORIAL HOSPITAL, INC",189 EAST MAIN STREET,WESTFIELD,NY,14787,CHAUTAUQUA,7163264921,Acute Care Hospitals,Voluntary non-profit - Private,TRUE,TRUE,Not Available,There are too few measures or measure groups reported to calculate a star rating or measure group score.,Not Available,There are too few measures or measure groups reported to calculate a star rating or measure group score.,Not Available,Results are not available for this reporting period.,Not Available,Results are not available for this reporting period.,Not Available,There are too few measures or measure groups reported to calculate a star rating or measure group score.,Below the national average,,Same as the national average,,Not Available,Results are not available for this reporting period.,"189 EAST MAIN STREET WESTFIELD, NY (42.327901, -79.569397)"
12,FALSE,330132,114,TLC NETWORK,845 ROUTES 5 AND 20,IRVING,NY,14081,CHAUTAUQUA,7169517000,Acute Care Hospitals,Voluntary non-profit - Private,FALSE,TRUE,3,,Same as the national average,,Not Available,Results are not available for this reporting period.,Same as the national average,,Not Available,There are too few measures or measure groups reported to calculate a star rating or measure group score.,Same as the national average,,Same as the national average,,Same as the national average,,"845 ROUTES 5 AND 20 IRVING, NY (42.559416, -79.12704)"
13,FALSE,330090,116,ARNOT OGDEN MEDICAL CENTER,600 ROE AVENUE,ELMIRA,NY,14905,CHEMUNG,6077374100,Acute Care Hospitals,Voluntary non-profit - Private,TRUE,TRUE,2,,Same as the national average,,Same as the national average,,Below the national average,,Below the national average,,Same as the national average,,Below the national average,,Same as the national average,,"600 ROE AVENUE ELMIRA, NY (42.099256, -76.826668)"
14,FALSE,330108,118,"ST JOSEPH'S HOSPITAL, INC",555 ST JOSEPH'S BLVD,ELMIRA,NY,14902,CHEMUNG,6077336541,Acute Care Hospitals,Voluntary non-profit - Private,TRUE,TRUE,4,,Same as the national average,,Not Available,Results are not available for this reporting period.,Same as the national average,,Not Available,There are too few measures or measure groups reported to calculate a star rating or measure group score.,Same as the national average,,Same as the national average,,Same as the national average,,"555 ST JOSEPH'S BLVD ELMIRA, NY (42.09136, -76.796953)"
15,FALSE,330033,128,CHENANGO MEMORIAL HOSPITAL,179 NORTH BROAD STREET,NORWICH,NY,13815,CHENANGO,6073374111,Acute Care Hospitals,Voluntary non-profit - Private,TRUE,TRUE,3,,Same as the national average,,Same as the national average,,Above the national average,,Same as the national average,,Same as the national average,,Above the national average,,Same as the national average,,"179 NORTH BROAD STREET NORWICH, NY (42.542038, -75.524724)"
16,FALSE,330250,135,CHAMPLAIN VALLEY PHYSICIANS HOSPITAL MEDICAL CTR,75 BEEKMAN STREET,PLATTSBURGH,NY,12901,CLINTON,5185627767,Acute Care Hospitals,Voluntary non-profit - Private,TRUE,TRUE,3,,Above the national average,,Above the national average,,Below the national average,,Below the national average,,Same as the national average,,Below the national average,,Above the national average,,"75 BEEKMAN STREET PLATTSBURGH, NY (44.700122, -73.466647)"
17,FALSE,330094,146,COLUMBIA MEMORIAL HOSPITAL,71 PROSPECT AVENUE,HUDSON,NY,12534,COLUMBIA,5188287601,Acute Care Hospitals,Voluntary non-profit - Private,TRUE,TRUE,2,,Same as the national average,,Same as the national average,,Below the national average,,Below the national average,,Same as the national average,,Below the national average,,Same as the national average,,"71 PROSPECT AVENUE HUDSON, NY (42.246254, -73.776128)"
18,FALSE,330175,158,"CORTLAND REGIONAL MEDICAL CENTER, INC",134 HOMER AVENUE,CORTLAND,NY,13045,CORTLAND,6077563500,Acute Care Hospitals,Voluntary non-profit - Private,TRUE,TRUE,3,,Above the national average,,Above the national average,,Below the national average,,Below the national average,,Same as the national average,,Below the national average,,Same as the national average,,"134 HOMER AVENUE CORTLAND, NY (42.608997, -76.186117)"
19,FALSE,331305,165,O'CONNOR HOSPITAL,460 ANDES ROAD,DELHI,NY,13753,DELAWARE,6077460300,Critical Access Hospitals,Voluntary non-profit - Private,TRUE,TRUE,Not Available,There are too few measures or measure groups reported to calculate a star rating or measure group score.,Not Available,Results are not available for this reporting period.,Not Available,There are too few measures or measure groups reported to calculate a star rating or measure group score.,Same as the national average,,Not Available,There are too few measures or measure groups reported to calculate a star rating or measure group score.,Not Available,Results are not available for this reporting period.,Not Available,Results are not available for this reporting period.,Same as the national average,,"460 ANDES ROAD DELHI, NY (42.26687, -74.91685)"
20,FALSE,331312,174,"DELAWARE VALLEY HOSPITAL, INC",1 TITUS PLACE,WALTON,NY,13856,DELAWARE,6078652188,Critical Access Hospitals,Voluntary non-profit - Private,TRUE,TRUE,3,,Same as the national average,,Not Available,There are too few measures or measure groups reported to calculate a star rating or measure group score.,Below the national average,,Not Available,There are too few measures or measure groups reported to calculate a star rating or measure group score.,Not Available,Results are not available for this reporting period.,Above the national average,,Not Available,Results are not available for this reporting period.,"1 TITUS PLACE WALTON, NY (42.165522, -75.128087)"
21,FALSE,330023,181,VASSAR BROTHERS MEDICAL CENTER,45 READE PLACE,POUGHKEEPSIE,NY,12601,DUTCHESS,8454548500,Acute Care Hospitals,Voluntary non-profit - Private,TRUE,TRUE,1,,Same as the national average,,Below the national average,,Below the national average,,Below the national average,,Same as the national average,,Below the national average,,Same as the national average,,"45 READE PLACE POUGHKEEPSIE, NY (41.694567, -73.935723)"
22,FALSE,330049,192,NORTHERN DUTCHESS HOSPITAL,6511 SPRINGBROOK AVENUE,RHINEBECK,NY,12572,DUTCHESS,8458713391,Acute Care Hospitals,Voluntary non-profit - Private,TRUE,TRUE,3,,Same as the national average,,Same as the national average,,Same as the national average,,Above the national average,,Same as the national average,,Above the national average,,Same as the national average,,"6511 SPRINGBROOK AVENUE RHINEBECK, NY"
23,FALSE,330005,207,KALEIDA HEALTH,"726 EXCHANGE STREET, SUITE 522",BUFFALO,NY,14210,ERIE,7168598620,Acute Care Hospitals,Voluntary non-profit - Private,TRUE,TRUE,2,,Same as the national average,,Above the national average,,Below the national average,,Below the national average,,Same as the national average,,Below the national average,,Same as the national average,,"726 EXCHANGE STREET, SUITE 522 BUFFALO, NY (42.87459, -78.850067)"
24,FALSE,330219,210,ERIE COUNTY MEDICAL CENTER,462 GRIDER STREET,BUFFALO,NY,14215,ERIE,7168983936,Acute Care Hospitals,Voluntary non-profit - Private,TRUE,TRUE,3,,Same as the national average,,Below the national average,,Below the national average,,Same as the national average,,Same as the national average,,Below the national average,,Same as the national average,,"462 GRIDER STREET BUFFALO, NY (42.927236, -78.829151)"
25,FALSE,330279,213,MERCY HOSPITAL OF BUFFALO,565 ABBOTT ROAD,BUFFALO,NY,14220,ERIE,7168267000,Acute Care Hospitals,Voluntary non-profit - Private,TRUE,TRUE,1,,Below the national average,,Below the national average,,Above the national average,,Below the national average,,Same as the national average,,Below the national average,,Same as the national average,,"565 ABBOTT ROAD BUFFALO, NY (42.847875, -78.811876)"
26,FALSE,330078,218,SISTERS OF CHARITY HOSPITAL,2157 MAIN STREET,BUFFALO,NY,14214,ERIE,7168621000,Acute Care Hospitals,Voluntary non-profit - Private,TRUE,TRUE,2,,Below the national average,,Below the national average,,Above the national average,,Below the national average,,Same as the national average,,Below the national average,,Same as the national average,,"2157 MAIN STREET BUFFALO, NY (42.92917, -78.849916)"
27,FALSE,330393,245,UNIVERSITY HOSPITAL AT STONY BROOK,HEALTH SCIENCES CENTER SUNY,STONY BROOK,NY,11794,SUFFOLK,6314444000,Acute Care Hospitals,Government - State,TRUE,TRUE,2,,Above the national average,,Below the national average,,Below the national average,,Below the national average,,Same as the national average,,Below the national average,,Same as the national average,,"HEALTH SCIENCES CENTER SUNY STONY BROOK, NY"
28,FALSE,330102,267,KENMORE MERCY HOSPITAL,2950 ELMWOOD AVENUE,KENMORE,NY,14217,ERIE,7164476100,Acute Care Hospitals,Voluntary non-profit - Church,TRUE,TRUE,4,,Same as the national average,,Above the national average,,Above the national average,,Above the national average,,Same as the national average,,Below the national average,,Same as the national average,,"2950 ELMWOOD AVENUE KENMORE, NY (42.9779, -78.878678)"
29,FALSE,330111,280,BERTRAND CHAFFEE HOSPITAL,224 EAST MAIN STREET,SPRINGVILLE,NY,14141,ERIE,7165922871,Acute Care Hospitals,Voluntary non-profit - Private,TRUE,TRUE,2,,Same as the national average,,Not Available,Results are not available for this reporting period.,Same as the national average,,Below the national average,,Same as the national average,,Above the national average,,Same as the national average,,"224 EAST MAIN STREET SPRINGVILLE, NY (42.508484, -78.659235)"
30,FALSE,331302,303,ELIZABETHTOWN COMMUNITY HOSPITAL,75 PARK STREET,ELIZABETHTOWN,NY,12932,ESSEX,5188736377,Critical Access Hospitals,Voluntary non-profit - Private,TRUE,TRUE,3,,Same as the national average,,Not Available,There are too few measures or measure groups reported to calculate a star rating or measure group score.,Same as the national average,,Not Available,There are too few measures or measure groups reported to calculate a star rating or measure group score.,Same as the national average,,Same as the national average,,Same as the national average,,"75 PARK STREET ELIZABETHTOWN, NY (44.21543, -73.596624)"
31,FALSE,330079,324,ADIRONDACK MEDICAL CENTER,2233 STATE ROUTE 86,SARANAC LAKE,NY,12983,FRANKLIN,5188914141,Acute Care Hospitals,Voluntary non-profit - Other,TRUE,TRUE,4,,Same as the national average,,Same as the national average,,Same as the national average,,Above the national average,,Same as the national average,,Same as the national average,,Same as the national average,,"2233 STATE ROUTE 86 SARANAC LAKE, NY (44.344548, -74.144597)"
32,FALSE,330084,325,ALICE HYDE MEDICAL CENTER,133 PARK STREET,MALONE,NY,12953,FRANKLIN,5184833000,Acute Care Hospitals,Voluntary non-profit - Other,TRUE,TRUE,2,,Same as the national average,,Below the national average,,Below the national average,,Below the national average,,Same as the national average,,Above the national average,,Same as the national average,,"133 PARK STREET MALONE, NY (44.856658, -74.29193)"
33,FALSE,330276,330,NATHAN LITTAUER HOSPITAL,99 EAST STATE STREET,GLOVERSVILLE,NY,12078,FULTON,5187258621,Acute Care Hospitals,Voluntary non-profit - Private,TRUE,TRUE,4,,Same as the national average,,Same as the national average,,Above the national average,,Below the national average,,Same as the national average,,Above the national average,,Same as the national average,,"99 EAST STATE STREET GLOVERSVILLE, NY (43.068029, -74.330817)"
34,FALSE,330073,339,UNITED MEMORIAL MEDICAL CENTER,127 NORTH STREET,BATAVIA,NY,14020,GENESEE,5853436030,Acute Care Hospitals,Voluntary non-profit - Private,TRUE,TRUE,3,,Same as the national average,,Above the national average,,Same as the national average,,Same as the national average,,Same as the national average,,Same as the national average,,Not Available,Results are not available for this reporting period.,"127 NORTH STREET BATAVIA, NY (43.003997, -78.177592)"
35,FALSE,331311,362,LITTLE FALLS HOSPITAL,140 BURWELL STREET,LITTLE FALLS,NY,13365,HERKIMER,3158235261,Critical Access Hospitals,Voluntary non-profit - Private,TRUE,TRUE,4,,Same as the national average,,Not Available,There are too few measures or measure groups reported to calculate a star rating or measure group score.,Same as the national average,,Same as the national average,,Not Available,Results are not available for this reporting period.,Same as the national average,,Same as the national average,,"140 BURWELL STREET LITTLE FALLS, NY (43.043946, -74.847733)"
36,FALSE,330157,367,SAMARITAN MEDICAL CENTER,830 WASHINGTON STREET,WATERTOWN,NY,13601,JEFFERSON,3157854121,Acute Care Hospitals,Voluntary non-profit - Private,TRUE,TRUE,2,,Same as the national average,,Below the national average,,Above the national average,,Below the national average,,Same as the national average,,Below the national average,,Below the national average,,"830 WASHINGTON STREET WATERTOWN, NY (43.96489, -75.912761)"
37,FALSE,331309,377,"RIVER HOSPITAL, INC",4 FULLER STREET,ALEXANDRIA BAY,NY,13607,JEFFERSON,3154822511,Critical Access Hospitals,Voluntary non-profit - Private,TRUE,TRUE,Not Available,There are too few measures or measure groups reported to calculate a star rating or measure group score.,Not Available,Results are not available for this reporting period.,Not Available,There are too few measures or measure groups reported to calculate a star rating or measure group score.,Not Available,Results are not available for this reporting period.,Not Available,There are too few measures or measure groups reported to calculate a star rating or measure group score.,Same as the national average,,Same as the national average,,Not Available,Results are not available for this reporting period.,"4 FULLER STREET ALEXANDRIA BAY, NY (44.337217, -75.920022)"
38,FALSE,331318,379,"CARTHAGE AREA HOSPITAL, INC",1001 WEST STREET,CARTHAGE,NY,13619,JEFFERSON,3154931000,Critical Access Hospitals,Voluntary non-profit - Private,TRUE,TRUE,3,This hospital's star rating only includes data reported on inpatient services.,Same as the national average,,Not Available,There are too few measures or measure groups reported to calculate a star rating or measure group score.,Same as the national average,,Same as the national average,,Not Available,Results are not available for this reporting period.,Not Available,Results are not available for this reporting period.,Not Available,There are too few measures or measure groups reported to calculate a star rating or measure group score.,"1001 WEST STREET CARTHAGE, NY (43.986162, -75.594861)"
39,FALSE,331317,383,LEWIS COUNTY GENERAL HOSPITAL,7785 NORTH STATE STREET,LOWVILLE,NY,13367,LEWIS,3153765200,Critical Access Hospitals,Voluntary non-profit - Other,TRUE,,4,,Same as the national average,,Not Available,Results are not available for this reporting period.,Same as the national average,,Above the national average,,Same as the national average,,Same as the national average,,Not Available,Results are not available for this reporting period.,"7785 NORTH STATE STREET LOWVILLE, NY (43.795771, -75.49812)"
40,FALSE,330238,393,NICHOLAS H NOYES MEMORIAL HOSPITAL,111  CLARA BARTON STREET,DANSVILLE,NY,14437,LIVINGSTON,5853356001,Acute Care Hospitals,Voluntary non-profit - Private,TRUE,TRUE,3,,Same as the national average,,Above the national average,,Below the national average,,Same as the national average,,Same as the national average,,Same as the national average,,Not Available,Results are not available for this reporting period.,"111 CLARA BARTON STREET DANSVILLE, NY (42.55213, -77.700356)"
41,FALSE,330115,397,ONEIDA HEALTHCARE,321 GENESEE STREET,ONEIDA,NY,13421,MADISON,3153636000,Acute Care Hospitals,Voluntary non-profit - Other,TRUE,TRUE,3,,Below the national average,,Above the national average,,Above the national average,,Above the national average,,Same as the national average,,Below the national average,,Same as the national average,,"321 GENESEE STREET ONEIDA, NY (43.078755, -75.654264)"
42,FALSE,331316,401,"COMMUNITY MEMORIAL HOSPITAL, INC",150 BROAD STREET,HAMILTON,NY,13346,MADISON,3158241100,Critical Access Hospitals,Voluntary non-profit - Private,TRUE,TRUE,4,,Same as the national average,,Not Available,Results are not available for this reporting period.,Same as the national average,,Above the national average,,Same as the national average,,Same as the national average,,Same as the national average,,"150 BROAD STREET HAMILTON, NY (42.813906, -75.541908)"
43,FALSE,330164,409,HIGHLAND HOSPITAL,1000 SOUTH AVENUE,ROCHESTER,NY,14620,MONROE,5854732200,Acute Care Hospitals,Voluntary non-profit - Private,TRUE,TRUE,3,,Same as the national average,,Below the national average,,Above the national average,,Same as the national average,,Same as the national average,,Below the national average,,Same as the national average,,"1000 SOUTH AVENUE ROCHESTER, NY (43.135955, -77.607556)"
44,FALSE,330125,411,ROCHESTER GENERAL HOSPITAL,1425 PORTLAND AVENUE,ROCHESTER,NY,14621,MONROE,5859224000,Acute Care Hospitals,Voluntary non-profit - Private,TRUE,TRUE,3,,Above the national average,,Above the national average,,Below the national average,,Below the national average,,Same as the national average,,Below the national average,,Same as the national average,,"1425 PORTLAND AVENUE ROCHESTER, NY (43.192542, -77.584424)"
45,FALSE,330285,413,STRONG MEMORIAL HOSPITAL,601 ELMWOOD AVE,ROCHESTER,NY,14642,MONROE,5852752121,Acute Care Hospitals,Voluntary non-profit - Private,TRUE,TRUE,1,,Same as the national average,,Below the national average,,Below the national average,,Above the national average,,Same as the national average,,Below the national average,,Below the national average,,"601 ELMWOOD AVE ROCHESTER, NY (43.124394, -77.623692)"
46,FALSE,330403,414,MONROE COMMUNITY HOSPITAL,435 EAST HENRIETTA ROAD,ROCHESTER,NY,14620,MONROE,5857606500,Acute Care Hospitals,Voluntary non-profit - Other,FALSE,,Not Available,There are too few measures or measure groups reported to calculate a star rating or measure group score.,Not Available,There are too few measures or measure groups reported to calculate a star rating or measure group score.,Not Available,Results are not available for this reporting period.,Not Available,There are too few measures or measure groups reported to calculate a star rating or measure group score.,Not Available,There are too few measures or measure groups reported to calculate a star rating or measure group score.,Not Available,Results are not available for this reporting period.,Not Available,There are too few measures or measure groups reported to calculate a star rating or measure group score.,Not Available,There are too few measures or measure groups reported to calculate a star rating or measure group score.,"435 EAST HENRIETTA ROAD ROCHESTER, NY (43.111856, -77.616078)"
47,FALSE,330226,471,UNITY HOSPITAL OF ROCHESTER,1555 LONG POND ROAD,ROCHESTER,NY,14626,MONROE,5857237000,Acute Care Hospitals,Voluntary non-profit - Private,TRUE,TRUE,4,,Same as the national average,,Above the national average,,Same as the national average,,Same as the national average,,Same as the national average,,Below the national average,,Above the national average,,"1555 LONG POND ROAD ROCHESTER, NY (43.191527, -77.701464)"
48,FALSE,330047,484,ST MARY'S HOSPITAL AT AMSTERDAM,427 GUY PARK AVENUE,AMSTERDAM,NY,12010,MONTGOMERY,5188417101,Acute Care Hospitals,Voluntary non-profit - Private,TRUE,TRUE,2,,Below the national average,,Below the national average,,Below the national average,,Below the national average,,Same as the national average,,Above the national average,,Same as the national average,,"427 GUY PARK AVENUE AMSTERDAM, NY (42.953648, -74.216041)"
49,FALSE,330181,490,GLEN COVE HOSPITAL,101 ST ANDREWS LANE,GLEN COVE,NY,11542,NASSAU,5166747300,Acute Care Hospitals,Voluntary non-profit - Private,TRUE,,2,,Same as the national average,,Above the national average,,Below the national average,,Below the national average,,Same as the national average,,Below the national average,,Same as the national average,,"101 ST ANDREWS LANE GLEN COVE, NY"
50,FALSE,330167,511,NYU WINTHROP HOSPITAL,259 FIRST STREET,MINEOLA,NY,11501,NASSAU,5166630333,Acute Care Hospitals,Voluntary non-profit - Private,TRUE,TRUE,2,,Above the national average,,Below the national average,,Below the national average,,Below the national average,,Same as the national average,,Below the national average,,Above the national average,,"259 FIRST STREET MINEOLA, NY (40.74167, -73.64344)"
51,FALSE,330259,513,MERCY MEDICAL CENTER,1000 NORTH VILLAGE AVENUE,ROCKVILLE CENTRE,NY,11570,NASSAU,5167052525,Acute Care Hospitals,Voluntary non-profit - Private,TRUE,TRUE,1,,Same as the national average,,Above the national average,,Below the national average,,Below the national average,,Same as the national average,,Below the national average,,Same as the national average,,"1000 NORTH VILLAGE AVENUE ROCKVILLE CENTRE, NY (40.688191, -73.633236)"
52,FALSE,330198,527,SOUTH NASSAU COMMUNITIES HOSPITAL,ONE HEALTHY WAY,OCEANSIDE,NY,11572,NASSAU,5166323000,Acute Care Hospitals,Voluntary non-profit - Private,TRUE,TRUE,2,,Same as the national average,,Below the national average,,Below the national average,,Below the national average,,Same as the national average,,Below the national average,,Above the national average,,"ONE HEALTHY WAY OCEANSIDE, NY"
53,FALSE,330027,528,NASSAU UNIVERSITY MEDICAL CENTER,2201 HEMPSTEAD TURNPIKE,EAST MEADOW,NY,11554,NASSAU,5165720123,Acute Care Hospitals,Government - Local,TRUE,TRUE,1,,Below the national average,,Below the national average,,Below the national average,,Below the national average,,Below the national average,,Below the national average,,Same as the national average,,"2201 HEMPSTEAD TURNPIKE EAST MEADOW, NY (40.725298, -73.554413)"
54,FALSE,330106,541,NORTH SHORE UNIVERSITY HOSPITAL,300 COMMUNITY DRIVE,MANHASSET,NY,11030,NASSAU,5165620100,Acute Care Hospitals,Voluntary non-profit - Private,TRUE,TRUE,3,,Above the national average,,Below the national average,,Below the national average,,Same as the national average,,Same as the national average,,Below the national average,,Same as the national average,,"300 COMMUNITY DRIVE MANHASSET, NY (40.779269, -73.703029)"
55,FALSE,330332,551,ST JOSEPH HOSPITAL,4295 HEMPSTEAD TURNPIKE,BETHPAGE,NY,11714,NASSAU,5165796000,Acute Care Hospitals,Voluntary non-profit - Private,TRUE,TRUE,2,,Same as the national average,,Below the national average,,Below the national average,,Below the national average,,Same as the national average,,Below the national average,,Above the national average,,"4295 HEMPSTEAD TURNPIKE BETHPAGE, NY (40.725795, -73.478755)"
56,FALSE,330331,552,PLAINVIEW HOSPITAL,888 OLD COUNTRY ROAD,PLAINVIEW,NY,11803,NASSAU,5167193000,Acute Care Hospitals,Voluntary non-profit - Private,TRUE,TRUE,2,,Above the national average,,Below the national average,,Below the national average,,Below the national average,,Same as the national average,,Below the national average,,Above the national average,,"888 OLD COUNTRY ROAD PLAINVIEW, NY (40.774456, -73.478063)"
57,FALSE,330182,563,"ST FRANCIS HOSPITAL, ROSLYN",100 PORT WASHINGTON BOULEVARD,ROSLYN,NY,11576,NASSAU,5165626000,Acute Care Hospitals,Voluntary non-profit - Church,TRUE,TRUE,4,,Above the national average,,Above the national average,,Above the national average,,Above the national average,,Same as the national average,,Below the national average,,Above the national average,,"100 PORT WASHINGTON BOULEVARD ROSLYN, NY (40.804505, -73.672669)"
58,FALSE,330163,565,EASTERN NIAGARA HOSPITAL,521 EAST AVENUE,LOCKPORT,NY,14094,NIAGARA,7165145700,Acute Care Hospitals,Voluntary non-profit - Private,TRUE,TRUE,2,,Same as the national average,,Above the national average,,Below the national average,,Below the national average,,Below the national average,,Same as the national average,,Same as the national average,,"521 EAST AVENUE LOCKPORT, NY (43.17638, -78.671075)"
59,FALSE,330065,574,NIAGARA FALLS MEMORIAL MEDICAL CENTER,621 TENTH STREET,NIAGARA FALLS,NY,14302,NIAGARA,7162784000,Acute Care Hospitals,Voluntary non-profit - Other,TRUE,TRUE,2,,Same as the national average,,Below the national average,,Below the national average,,Below the national average,,Same as the national average,,Same as the national average,,Same as the national average,,"621 TENTH STREET NIAGARA FALLS, NY (43.093433, -79.050429)"
60,FALSE,330188,583,MOUNT ST MARY'S HOSPITAL AND  HEALTH CENTER,5300 MILITARY ROAD,LEWISTON,NY,14092,NIAGARA,7162974800,Acute Care Hospitals,Voluntary non-profit - Church,TRUE,TRUE,3,,Same as the national average,,Below the national average,,Above the national average,,Same as the national average,,Same as the national average,,Same as the national average,,Same as the national average,,"5300 MILITARY ROAD LEWISTON, NY (43.154652, -79.030462)"
61,FALSE,330215,589,"ROME MEMORIAL HOSPITAL, INC",1500 NORTH JAMES STREET,ROME,NY,13440,ONEIDA,3153387000,Acute Care Hospitals,Voluntary non-profit - Private,TRUE,TRUE,2,,Same as the national average,,Not Available,Results are not available for this reporting period.,Below the national average,,Same as the national average,,Above the national average,,Same as the national average,,Same as the national average,,"1500 NORTH JAMES STREET ROME, NY (43.228954, -75.444248)"
62,FALSE,330245,598,ST ELIZABETH MEDICAL CENTER,2209 GENESEE STREET,UTICA,NY,13501,ONEIDA,3157988100,Acute Care Hospitals,Voluntary non-profit - Private,TRUE,TRUE,1,,Same as the national average,,Below the national average,,Below the national average,,Below the national average,,Same as the national average,,Below the national average,,Same as the national average,,"2209 GENESEE STREET UTICA, NY (43.083646, -75.267158)"
63,FALSE,330044,599,FAXTON-ST LUKE'S HEALTHCARE,1656 CHAMPLIN AVENUE,UTICA,NY,13503,ONEIDA,3157986000,Acute Care Hospitals,Voluntary non-profit - Private,TRUE,TRUE,1,,Below the national average,,Same as the national average,,Below the national average,,Below the national average,,Same as the national average,,Below the national average,,Same as the national average,,"1656 CHAMPLIN AVENUE UTICA, NY (43.095687, -75.274291)"
64,FALSE,330140,630,ST JOSEPH'S HOSPITAL HEALTH CENTER,301 PROSPECT AVENUE,SYRACUSE,NY,13203,ONONDAGA,3154485111,Acute Care Hospitals,Voluntary non-profit - Private,TRUE,TRUE,3,,Above the national average,,Below the national average,,Below the national average,,Same as the national average,,Same as the national average,,Below the national average,,Above the national average,,"301 PROSPECT AVENUE SYRACUSE, NY (43.055589, -76.149176)"
65,FALSE,330241,635,UNIVERSITY HOSPITAL S U N Y HEALTH SCIENCE CENTER,750 EAST ADAMS STREET,SYRACUSE,NY,13210,ONONDAGA,3154734240,Acute Care Hospitals,Government - State,TRUE,TRUE,1,,Same as the national average,,Below the national average,,Below the national average,,Below the national average,,Same as the national average,,Below the national average,,Below the national average,,"750 EAST ADAMS STREET SYRACUSE, NY (43.042677, -76.139323)"
66,FALSE,330203,636,CROUSE HOSPITAL,736 IRVING AVENUE,SYRACUSE,NY,13210,ONONDAGA,3154707449,Acute Care Hospitals,Voluntary non-profit - Private,TRUE,TRUE,2,,Same as the national average,,Below the national average,,Below the national average,,Below the national average,,Same as the national average,,Below the national average,,Same as the national average,,"736 IRVING AVENUE SYRACUSE, NY (43.041666, -76.137853)"
67,FALSE,330058,671,GENEVA GENERAL HOSPITAL,196 -198 NORTH STREET,GENEVA,NY,14456,ONTARIO,3157874175,Acute Care Hospitals,Voluntary non-profit - Private,TRUE,TRUE,2,,Same as the national average,,Same as the national average,,Below the national average,,Below the national average,,Same as the national average,,Below the national average,,Same as the national average,,"196 -198 NORTH STREET GENEVA, NY"
68,FALSE,330265,676,CLIFTON SPRINGS HOSPITAL AND CLINIC,2 COULTER ROAD,CLIFTON SPRINGS,NY,14432,ONTARIO,3154629561,Acute Care Hospitals,Voluntary non-profit - Private,TRUE,TRUE,2,,Same as the national average,,Not Available,Results are not available for this reporting period.,Below the national average,,Same as the national average,,Same as the national average,,Same as the national average,,Below the national average,,"2 COULTER ROAD CLIFTON SPRINGS, NY (42.960473, -77.139252)"
69,FALSE,330074,678,F F THOMPSON HOSPITAL,350 PARRISH STREET,CANANDAIGUA,NY,14424,ONTARIO,5853966000,Acute Care Hospitals,Voluntary non-profit - Private,TRUE,TRUE,2,,Same as the national average,,Same as the national average,,Below the national average,,Same as the national average,,Same as the national average,,Below the national average,,Same as the national average,,"350 PARRISH STREET CANANDAIGUA, NY (42.875591, -77.288198)"
70,FALSE,330264,694,ST LUKE'S CORNWALL HOSPITAL,70 DUBOIS STREET,NEWBURGH,NY,12550,ORANGE,8455614400,Acute Care Hospitals,Voluntary non-profit - Other,TRUE,TRUE,2,,Same as the national average,,Below the national average,,Below the national average,,Below the national average,,Same as the national average,,Below the national average,,Above the national average,,"70 DUBOIS STREET NEWBURGH, NY (41.503744, -74.015176)"
71,FALSE,330126,699,ORANGE REGIONAL MEDICAL CENTER,707 EAST MAIN STREET,MIDDLETOWN,NY,10940,ORANGE,8453432424,Acute Care Hospitals,Voluntary non-profit - Private,TRUE,TRUE,3,,Same as the national average,,Above the national average,,Below the national average,,Same as the national average,,Same as the national average,,Below the national average,,Above the national average,,"707 EAST MAIN STREET MIDDLETOWN, NY (41.439962, -74.369415)"
72,FALSE,330205,704,ST ANTHONY COMMUNITY HOSPITAL,15 MAPLE AVENUE -19,WARWICK,NY,10990,ORANGE,8459862276,Acute Care Hospitals,Voluntary non-profit - Church,TRUE,TRUE,2,,Same as the national average,,Below the national average,,Below the national average,,Above the national average,,Same as the national average,,Above the national average,,Same as the national average,,"15 MAPLE AVENUE -19 WARWICK, NY (41.261094, -74.356945)"
73,FALSE,330135,708,BON SECOURS COMMUNITY HOSPITAL,160 EAST MAIN STREET,PORT JERVIS,NY,12771,ORANGE,8458565351,Acute Care Hospitals,Voluntary non-profit - Church,TRUE,TRUE,4,,Same as the national average,,Above the national average,,Above the national average,,Same as the national average,,Same as the national average,,Above the national average,,Same as the national average,,"160 EAST MAIN STREET PORT JERVIS, NY (41.367766, -74.682593)"
74,FALSE,331319,718,MEDINA MEMORIAL HOSPITAL,200 OHIO STREET,MEDINA,NY,14103,ORLEANS,5857988111,Critical Access Hospitals,Voluntary non-profit - Private,TRUE,TRUE,Not Available,There are too few measures or measure groups reported to calculate a star rating or measure group score.,Same as the national average,,Not Available,There are too few measures or measure groups reported to calculate a star rating or measure group score.,Same as the national average,,Not Available,There are too few measures or measure groups reported to calculate a star rating or measure group score.,Not Available,Results are not available for this reporting period.,Not Available,There are too few measures or measure groups reported to calculate a star rating or measure group score.,Not Available,There are too few measures or measure groups reported to calculate a star rating or measure group score.,"200 OHIO STREET MEDINA, NY (43.223707, -78.397073)"
75,FALSE,330218,727,OSWEGO HOSPITAL,110 WEST SIXTH STREET,OSWEGO,NY,13126,OSWEGO,3153495511,Acute Care Hospitals,Voluntary non-profit - Private,TRUE,TRUE,3,,Same as the national average,,Below the national average,,Above the national average,,Same as the national average,,Same as the national average,,Below the national average,,Same as the national average,,"110 WEST SIXTH STREET OSWEGO, NY (43.454141, -76.516001)"
76,FALSE,330085,739,AURELIA OSBORN FOX MEMORIAL HOSPITAL,ONE NORTON AVENUE,ONEONTA,NY,13820,OTSEGO,6074322000,Acute Care Hospitals,Voluntary non-profit - Private,TRUE,TRUE,3,,Same as the national average,,Above the national average,,Below the national average,,Same as the national average,,Same as the national average,,Same as the national average,,Same as the national average,,"ONE NORTON AVENUE ONEONTA, NY"
77,FALSE,330136,746,MARY IMOGENE BASSETT HOSPITAL,ONE ATWELL ROAD,COOPERSTOWN,NY,13326,OTSEGO,6075473456,Acute Care Hospitals,Voluntary non-profit - Private,TRUE,TRUE,2,,Same as the national average,,Below the national average,,Below the national average,,Below the national average,,Same as the national average,,Below the national average,,Same as the national average,,"ONE ATWELL ROAD COOPERSTOWN, NY"
78,FALSE,330273,752,PUTNAM HOSPITAL CENTER,670 STONELEIGH AVENUE,CARMEL,NY,10512,PUTNAM,9142795711,Acute Care Hospitals,Voluntary non-profit - Private,TRUE,TRUE,3,,Same as the national average,,Above the national average,,Below the national average,,Same as the national average,,Same as the national average,,Same as the national average,,Same as the national average,,"670 STONELEIGH AVENUE CARMEL, NY (41.384844, -73.664475)"
79,FALSE,330232,755,ST MARY'S HOSPITAL ( TROY ),1300 MASSACHUSETTS AVENUE,TROY,NY,12180,RENSSELAER,5182685000,Acute Care Hospitals,Voluntary non-profit - Private,TRUE,TRUE,2,,Same as the national average,,Not Available,Results are not available for this reporting period.,Below the national average,,Below the national average,,Same as the national average,,Same as the national average,,Same as the national average,,"1300 MASSACHUSETTS AVENUE TROY, NY (42.743977, -73.676415)"
80,FALSE,330180,756,SAMARITAN HOSPITAL,2215 BURDETT AVENUE,TROY,NY,12180,RENSSELAER,5184273402,Acute Care Hospitals,Voluntary non-profit - Private,TRUE,TRUE,2,,Same as the national average,,Below the national average,,Above the national average,,Below the national average,,Same as the national average,,Below the national average,,Same as the national average,,"2215 BURDETT AVENUE TROY, NY (42.733395, -73.671434)"
81,FALSE,330405,775,HELEN HAYES HOSPITAL,51 NORTH ROUTE 9W,WEST HAVERSTRAW,NY,10993,ROCKLAND,8457864000,Acute Care Hospitals,Government - Local,FALSE,,Not Available,There are too few measures or measure groups reported to calculate a star rating or measure group score.,Not Available,There are too few measures or measure groups reported to calculate a star rating or measure group score.,Not Available,Results are not available for this reporting period.,Not Available,Results are not available for this reporting period.,Not Available,There are too few measures or measure groups reported to calculate a star rating or measure group score.,Not Available,There are too few measures or measure groups reported to calculate a star rating or measure group score.,Not Available,There are too few measures or measure groups reported to calculate a star rating or measure group score.,Not Available,There are too few measures or measure groups reported to calculate a star rating or measure group score.,"51 NORTH ROUTE 9W WEST HAVERSTRAW, NY (41.212779, -73.985768)"
82,FALSE,330104,776,NYACK HOSPITAL,160 NORTH MIDLAND AVENUE,NYACK,NY,10960,ROCKLAND,8453482000,Acute Care Hospitals,Voluntary non-profit - Other,TRUE,TRUE,2,,Same as the national average,,Same as the national average,,Below the national average,,Below the national average,,Same as the national average,,Below the national average,,Above the national average,,"160 NORTH MIDLAND AVENUE NYACK, NY (41.095251, -73.925253)"
83,FALSE,330158,779,GOOD SAMARITAN HOSPITAL OF SUFFERN,255 LAFAYETTE AVENUE,SUFFERN,NY,10901,ROCKLAND,9143685000,Acute Care Hospitals,Voluntary non-profit - Church,TRUE,TRUE,1,,Above the national average,,Below the national average,,Below the national average,,Below the national average,,Same as the national average,,Below the national average,,Same as the national average,,"255 LAFAYETTE AVENUE SUFFERN, NY (41.112389, -74.136248)"
84,FALSE,330211,798,CLAXTON-HEPBURN MEDICAL CENTER,214 KING STREET,OGDENSBURG,NY,13669,ST. LAWRENCE,3153933600,Acute Care Hospitals,Voluntary non-profit - Private,TRUE,TRUE,3,,Same as the national average,,Same as the national average,,Below the national average,,Same as the national average,,Same as the national average,,Same as the national average,,Above the national average,,"214 KING STREET OGDENSBURG, NY (44.692091, -75.499934)"
85,FALSE,330223,804,MASSENA MEMORIAL HOSPITAL,1 HOSPITAL DRIVE,MASSENA,NY,13662,ST. LAWRENCE,3157641711,Acute Care Hospitals,Government - Local,TRUE,TRUE,2,,Same as the national average,,Same as the national average,,Below the national average,,Below the national average,,Same as the national average,,Same as the national average,,Same as the national average,,"1 HOSPITAL DRIVE MASSENA, NY (44.936344, -74.907828)"
86,FALSE,331315,812,GOUVERNEUR HOSPITAL,77 WEST BARNEY STREET,GOUVERNEUR,NY,13642,ST. LAWRENCE,3152871000,Critical Access Hospitals,Voluntary non-profit - Private,TRUE,TRUE,Not Available,There are too few measures or measure groups reported to calculate a star rating or measure group score.,Same as the national average,,Not Available,There are too few measures or measure groups reported to calculate a star rating or measure group score.,Same as the national average,,Not Available,There are too few measures or measure groups reported to calculate a star rating or measure group score.,Not Available,There are too few measures or measure groups reported to calculate a star rating or measure group score.,Not Available,There are too few measures or measure groups reported to calculate a star rating or measure group score.,Not Available,There are too few measures or measure groups reported to calculate a star rating or measure group score.,"77 WEST BARNEY STREET GOUVERNEUR, NY (44.338275, -75.474371)"
87,FALSE,330197,815,CANTON-POTSDAM HOSPITAL,50 LEROY STREET,POTSDAM,NY,13676,ST. LAWRENCE,3152653300,Acute Care Hospitals,Voluntary non-profit - Private,TRUE,TRUE,3,,Same as the national average,,Same as the national average,,Below the national average,,Same as the national average,,Same as the national average,,Same as the national average,,Same as the national average,,"50 LEROY STREET POTSDAM, NY (44.676085, -74.981451)"
88,FALSE,330222,818,SARATOGA HOSPITAL,211 CHURCH STREET,SARATOGA SPRINGS,NY,12866,SARATOGA,5185873222,Acute Care Hospitals,Voluntary non-profit - Private,TRUE,TRUE,4,,Same as the national average,,Above the national average,,Above the national average,,Above the national average,,Same as the national average,,Below the national average,,Above the national average,,"211 CHURCH STREET SARATOGA SPRINGS, NY (43.084794, -73.796223)"
89,FALSE,330153,829,ELLIS HOSPITAL,1101 NOTT STREET,SCHENECTADY,NY,12308,SCHENECTADY,5182434000,Acute Care Hospitals,Proprietary,TRUE,TRUE,2,,Below the national average,,Below the national average,,Above the national average,,Below the national average,,Above the national average,,Below the national average,,Above the national average,,"1101 NOTT STREET SCHENECTADY, NY (42.819818, -73.918883)"
90,FALSE,330406,831,SUNNYVIEW HOSPITAL AND REHABILITATION CENTER,1270 BELMONT AVENUE,SCHENECTADY,NY,12308,SCHENECTADY,5183863580,Acute Care Hospitals,Voluntary non-profit - Private,FALSE,TRUE,Not Available,There are too few measures or measure groups reported to calculate a star rating or measure group score.,Not Available,There are too few measures or measure groups reported to calculate a star rating or measure group score.,Not Available,Results are not available for this reporting period.,Not Available,Results are not available for this reporting period.,Not Available,There are too few measures or measure groups reported to calculate a star rating or measure group score.,Not Available,Results are not available for this reporting period.,Not Available,There are too few measures or measure groups reported to calculate a star rating or measure group score.,Not Available,There are too few measures or measure groups reported to calculate a star rating or measure group score.,"1270 BELMONT AVENUE SCHENECTADY, NY (42.822229, -73.91386)"
91,FALSE,331313,858,"SCHUYLER HOSPITAL, INC",220 STEUBEN STREET,MONTOUR FALLS,NY,14865,SCHUYLER,6075307121,Critical Access Hospitals,Voluntary non-profit - Private,TRUE,TRUE,Not Available,There are too few measures or measure groups reported to calculate a star rating or measure group score.,Not Available,Results are not available for this reporting period.,Not Available,There are too few measures or measure groups reported to calculate a star rating or measure group score.,Same as the national average,,Not Available,There are too few measures or measure groups reported to calculate a star rating or measure group score.,Not Available,Results are not available for this reporting period.,Same as the national average,,Not Available,Results are not available for this reporting period.,"220 STEUBEN STREET MONTOUR FALLS, NY (42.351453, -76.858842)"
92,FALSE,330277,866,CORNING HOSPITAL,1 GUTHRIE DRIVE,CORNING,NY,14830,STEUBEN,6079377200,Acute Care Hospitals,Voluntary non-profit - Private,TRUE,TRUE,4,,Same as the national average,,Above the national average,,Below the national average,,Same as the national average,,Same as the national average,,Same as the national average,,Same as the national average,,"1 GUTHRIE DRIVE CORNING, NY (42.136107, -76.969841)"
93,FALSE,330151,870,ST JAMES MERCY HOSPITAL,411 CANISTEO STREET,HORNELL,NY,14843,STEUBEN,6073248000,Acute Care Hospitals,Voluntary non-profit - Church,TRUE,,4,,Same as the national average,,Not Available,Results are not available for this reporting period.,Above the national average,,Same as the national average,,Same as the national average,,Same as the national average,,Same as the national average,,"411 CANISTEO STREET HORNELL, NY (42.314575, -77.660142)"
94,FALSE,330144,873,"IRA DAVENPORT MEMORIAL HOSPITAL, INC",7571 STATE ROUTE 54,BATH,NY,14810,STEUBEN,6077768500,Acute Care Hospitals,Voluntary non-profit - Other,TRUE,TRUE,3,,Same as the national average,,Not Available,Results are not available for this reporting period.,Same as the national average,,Not Available,There are too few measures or measure groups reported to calculate a star rating or measure group score.,Same as the national average,,Same as the national average,,Same as the national average,,"7571 STATE ROUTE 54 BATH, NY (42.37297, -77.278553)"
95,FALSE,330141,885,LONG ISLAND COMMUNITY HOSPITAL,101 HOSPITAL ROAD,PATCHOGUE,NY,11772,SUFFOLK,6316547100,Acute Care Hospitals,Voluntary non-profit - Private,TRUE,TRUE,2,,Above the national average,,Below the national average,,Above the national average,,Below the national average,,Same as the national average,,Below the national average,,Same as the national average,,"101 HOSPITAL ROAD PATCHOGUE, NY (40.779337, -72.978147)"
96,FALSE,330088,891,EASTERN LONG ISLAND HOSPITAL,201 MANOR PLACE,GREENPORT,NY,11944,SUFFOLK,6314771000,Acute Care Hospitals,Voluntary non-profit - Private,TRUE,TRUE,4,,Same as the national average,,Not Available,Results are not available for this reporting period.,Same as the national average,,Same as the national average,,Same as the national average,,Same as the national average,,Same as the national average,,"201 MANOR PLACE GREENPORT, NY (41.110951, -72.361459)"
97,FALSE,330185,895,JOHN T MATHER MEMORIAL HOSPITAL  OF PORT JEFFERSON,75 NORTH COUNTRY ROAD,PORT JEFFERSON,NY,11777,SUFFOLK,6314731320,Acute Care Hospitals,Voluntary non-profit - Private,TRUE,TRUE,3,,Above the national average,,Below the national average,,Below the national average,,Above the national average,,Same as the national average,,Below the national average,,Above the national average,,"75 NORTH COUNTRY ROAD PORT JEFFERSON, NY (40.938249, -73.052951)"
98,FALSE,330246,896,ST CHARLES HOSPITAL,200 BELLE TERRE ROAD,PORT JEFFERSON,NY,11777,SUFFOLK,6314746000,Acute Care Hospitals,Voluntary non-profit - Private,TRUE,TRUE,3,,Same as the national average,,Above the national average,,Below the national average,,Below the national average,,Same as the national average,,Below the national average,,Same as the national average,,"200 BELLE TERRE ROAD PORT JEFFERSON, NY (40.947392, -73.059832)"
99,FALSE,330045,913,HUNTINGTON HOSPITAL,270 PARK AVENUE,HUNTINGTON,NY,11743,SUFFOLK,6313512000,Acute Care Hospitals,Voluntary non-profit - Private,TRUE,TRUE,3,,Above the national average,,Below the national average,,Below the national average,,Same as the national average,,Same as the national average,,Below the national average,,Above the national average,,"270 PARK AVENUE HUNTINGTON, NY (40.879201, -73.417488)"
100,FALSE,330043,924,SOUTHSIDE HOSPITAL,301 EAST MAIN STREET,BAY SHORE,NY,11706,SUFFOLK,6319683000,Acute Care Hospitals,Voluntary non-profit - Private,TRUE,TRUE,2,,Below the national average,,Above the national average,,Below the national average,,Below the national average,,Same as the national average,,Below the national average,,Above the national average,,"301 EAST MAIN STREET BAY SHORE, NY (40.724858, -73.240889)"
101,FALSE,330286,925,GOOD SAMARITAN HOSPITAL MEDICAL CENTER,1000 MONTAUK HIGHWAY,WEST ISLIP,NY,11795,SUFFOLK,6313763000,Acute Care Hospitals,Voluntary non-profit - Church,TRUE,TRUE,1,,Same as the national average,,Below the national average,,Below the national average,,Below the national average,,Same as the national average,,Below the national average,,Above the national average,,"1000 MONTAUK HIGHWAY WEST ISLIP, NY (40.696807, -73.286321)"
102,FALSE,330107,938,PECONIC BAY MEDICAL CENTER,1300 ROANOKE AVENUE,RIVERHEAD,NY,11901,SUFFOLK,6315486000,Acute Care Hospitals,Voluntary non-profit - Private,TRUE,TRUE,2,,Same as the national average,,Same as the national average,,Below the national average,,Below the national average,,Same as the national average,,Below the national average,,Same as the national average,,"1300 ROANOKE AVENUE RIVERHEAD, NY (40.933577, -72.674317)"
103,FALSE,330401,943,ST CATHERINE OF SIENA HOSPITAL,50 ROUTE 25A,SMITHTOWN,NY,11787,SUFFOLK,6318623000,Acute Care Hospitals,Voluntary non-profit - Private,TRUE,TRUE,3,,Same as the national average,,Same as the national average,,Above the national average,,Below the national average,,Same as the national average,,Below the national average,,Same as the national average,,"50 ROUTE 25A SMITHTOWN, NY (40.858321, -73.186067)"
104,FALSE,330386,971,CATSKILL REGIONAL MEDICAL CENTER,68 HARRIS BUSHVILLE ROAD,HARRIS,NY,12742,SULLIVAN,8457943300,Acute Care Hospitals,Voluntary non-profit - Private,TRUE,TRUE,2,,Same as the national average,,Above the national average,,Below the national average,,Same as the national average,,Same as the national average,,Below the national average,,Same as the national average,,"68 HARRIS BUSHVILLE ROAD HARRIS, NY"
105,FALSE,331303,971,CATSKILL REGIONAL MEDICAL CENTER - G HERMANN SITE,8081 ROUTE 97,CALLICOON,NY,12723,SULLIVAN,8458875530,Critical Access Hospitals,Government - Federal,FALSE,TRUE,Not Available,There are too few measures or measure groups reported to calculate a star rating or measure group score.,Not Available,There are too few measures or measure groups reported to calculate a star rating or measure group score.,Not Available,There are too few measures or measure groups reported to calculate a star rating or measure group score.,Not Available,There are too few measures or measure groups reported to calculate a star rating or measure group score.,Not Available,There are too few measures or measure groups reported to calculate a star rating or measure group score.,Same as the national average,,Above the national average,,Not Available,There are too few measures or measure groups reported to calculate a star rating or measure group score.,"8081 ROUTE 97 CALLICOON, NY"
106,FALSE,330307,977,CAYUGA MEDICAL CENTER AT ITHACA,101 DATES DRIVE,ITHACA,NY,14850,TOMPKINS,6072744401,Acute Care Hospitals,Voluntary non-profit - Private,TRUE,TRUE,2,,Below the national average,,Same as the national average,,Above the national average,,Same as the national average,,Same as the national average,,Below the national average,,Above the national average,,"101 DATES DRIVE ITHACA, NY (42.467096, -76.538808)"
107,FALSE,330224,989,HEALTHALLIANCE HOSPITAL MARYS AVENUE CAMPUS,105 MARY'S AVENUE,KINGSTON,NY,12401,ULSTER,8453382500,Acute Care Hospitals,Voluntary non-profit - Church,TRUE,TRUE,Not Available,There are too few measures or measure groups reported to calculate a star rating or measure group score.,Not Available,There are too few measures or measure groups reported to calculate a star rating or measure group score.,Above the national average,,Not Available,Results are not available for this reporting period.,Same as the national average,,Not Available,Results are not available for this reporting period.,Not Available,There are too few measures or measure groups reported to calculate a star rating or measure group score.,Not Available,There are too few measures or measure groups reported to calculate a star rating or measure group score.,"105 MARY'S AVENUE KINGSTON, NY (41.922453, -73.999335)"
108,FALSE,330004,990,HEALTHALLIANCE HOSPITAL BROADWAY CAMPUS,396 BROADWAY,KINGSTON,NY,12401,ULSTER,9143313131,Acute Care Hospitals,Voluntary non-profit - Private,TRUE,TRUE,1,,Same as the national average,,Below the national average,,Below the national average,,Below the national average,,Same as the national average,,Below the national average,,Above the national average,,"396 BROADWAY KINGSTON, NY (41.92635, -73.995402)"
109,FALSE,331310,1002,ELLENVILLE REGIONAL HOSPITAL,10 HEALTHY WAY,ELLENVILLE,NY,12428,ULSTER,8456476400,Critical Access Hospitals,Voluntary non-profit - Private,TRUE,TRUE,2,,Same as the national average,,Not Available,There are too few measures or measure groups reported to calculate a star rating or measure group score.,Below the national average,,Not Available,There are too few measures or measure groups reported to calculate a star rating or measure group score.,Same as the national average,,Above the national average,,Same as the national average,,"10 HEALTHY WAY ELLENVILLE, NY (41.732351, -74.380624)"
110,FALSE,330191,1005,GLENS FALLS HOSPITAL,100 PARK STREET,GLENS FALLS,NY,12801,WARREN,5189261000,Acute Care Hospitals,Voluntary non-profit - Private,TRUE,TRUE,3,,Below the national average,,Same as the national average,,Below the national average,,Same as the national average,,Same as the national average,,Same as the national average,,Above the national average,,"100 PARK STREET GLENS FALLS, NY (43.308335, -73.644551)"
111,FALSE,330030,1028,NEWARK-WAYNE COMMUNITY HOSPITAL,111 DRIVING PARK AVENUE,NEWARK,NY,14513,WAYNE,3153322022,Acute Care Hospitals,Voluntary non-profit - Private,TRUE,TRUE,2,,Same as the national average,,Below the national average,,Below the national average,,Below the national average,,Same as the national average,,Same as the national average,,Same as the national average,,"111 DRIVING PARK AVENUE NEWARK, NY (43.059959, -77.100736)"
112,FALSE,330267,1039,NEW YORK-PRESBYTERIAN/HUDSON VALLEY HOSPITAL,1980 CROMPOND ROAD,CORTLANDT MANOR,NY,10567,WESTCHESTER,9147343611,Acute Care Hospitals,Voluntary non-profit - Private,TRUE,TRUE,2,,Same as the national average,,Same as the national average,,Below the national average,,Same as the national average,,Same as the national average,,Below the national average,,Same as the national average,,"1980 CROMPOND ROAD CORTLANDT MANOR, NY (41.291457, -73.893601)"
113,FALSE,330304,1045,WHITE PLAINS HOSPITAL CENTER,41 EAST POST R0AD,WHITE PLAINS,NY,10601,WESTCHESTER,9146810600,Acute Care Hospitals,Voluntary non-profit - Private,TRUE,TRUE,2,,Same as the national average,,Below the national average,,Below the national average,,Above the national average,,Same as the national average,,Below the national average,,Same as the national average,,"41 EAST POST R0AD WHITE PLAINS, NY"
114,FALSE,330086,1061,MONTEFIORE MOUNT VERNON HOSPITAL,12 NORTH 7TH AVENUE,MOUNT VERNON,NY,10550,WESTCHESTER,9146648000,Acute Care Hospitals,Voluntary non-profit - Private,TRUE,TRUE,2,,Same as the national average,,Not Available,Results are not available for this reporting period.,Below the national average,,Below the national average,,Same as the national average,,Below the national average,,Not Available,Results are not available for this reporting period.,"12 NORTH 7TH AVENUE MOUNT VERNON, NY (40.912754, -73.840011)"
115,FALSE,330184,1072,MONTEFIORE NEW ROCHELLE HOSPITAL,16 GUION PLACE,NEW ROCHELLE,NY,10802,WESTCHESTER,9146325000,Acute Care Hospitals,Voluntary non-profit - Private,TRUE,TRUE,2,,Same as the national average,,Same as the national average,,Same as the national average,,Below the national average,,Same as the national average,,Below the national average,,Not Available,Results are not available for this reporting period.,"16 GUION PLACE NEW ROCHELLE, NY (40.912968, -73.786997)"
116,FALSE,330006,1098,ST JOSEPH'S MEDICAL CENTER,127 SOUTH BROADWAY,YONKERS,NY,10701,WESTCHESTER,9143787000,Acute Care Hospitals,Voluntary non-profit - Private,TRUE,TRUE,1,,Same as the national average,,Below the national average,,Below the national average,,Below the national average,,Same as the national average,,Below the national average,,Same as the national average,,"127 SOUTH BROADWAY YONKERS, NY (40.929614, -73.897003)"
117,FALSE,330208,1099,ST JOHN'S RIVERSIDE HOSPITAL,976 NORTH BROADWAY,YONKERS,NY,10701,WESTCHESTER,9149644444,Acute Care Hospitals,Voluntary non-profit - Private,TRUE,TRUE,3,,Above the national average,,Above the national average,,Below the national average,,Same as the national average,,Same as the national average,,Below the national average,,Same as the national average,,"976 NORTH BROADWAY YONKERS, NY (40.96784, -73.885107)"
118,FALSE,330162,1117,NORTHERN WESTCHESTER HOSPITAL,400 EAST MAIN STREET,MOUNT KISCO,NY,10549,WESTCHESTER,9146661200,Acute Care Hospitals,Voluntary non-profit - Private,TRUE,TRUE,3,,Same as the national average,,Below the national average,,Below the national average,,Above the national average,,Same as the national average,,Same as the national average,,Same as the national average,,"400 EAST MAIN STREET MOUNT KISCO, NY (41.196692, -73.724449)"
119,FALSE,330061,1122,NEW YORK-PRESBYTERIAN HOSPITAL,55 PALMER AVENUE,BRONXVILLE,NY,10708,WESTCHESTER,9147871000,Acute Care Hospitals,Voluntary non-profit - Private,TRUE,TRUE,3,,Same as the national average,,Above the national average,,Below the national average,,Below the national average,,Same as the national average,,Below the national average,,Same as the national average,,"55 PALMER AVENUE BRONXVILLE, NY (40.941585, -73.836593)"
120,FALSE,330261,1129,PHELPS MEMORIAL HOSPITAL ASSN,701 NORTH BROADWAY,SLEEPY HOLLOW,NY,10591,WESTCHESTER,9143663000,Acute Care Hospitals,Voluntary non-profit - Other,TRUE,TRUE,3,,Same as the national average,,Below the national average,,Below the national average,,Above the national average,,Same as the national average,,Below the national average,,Same as the national average,,"701 NORTH BROADWAY SLEEPY HOLLOW, NY (41.107555, -73.859639)"
121,FALSE,333301,1138,BLYTHEDALE CHILDREN'S HOSPITAL,95 BRADHURST AVENUE,VALHALLA,NY,10595,WESTCHESTER,9145927555,Childrens,Voluntary non-profit - Private,FALSE,TRUE,Not Available,Data are shown only for hospitals that participate in the Inpatient Quality Reporting (IQR) and Outpatient Quality Reporting (OQR) programs.,Not Available,Data are shown only for hospitals that participate in the Inpatient Quality Reporting (IQR) and Outpatient Quality Reporting (OQR) programs.,Not Available,Data are shown only for hospitals that participate in the Inpatient Quality Reporting (IQR) and Outpatient Quality Reporting (OQR) programs.,Not Available,Data are shown only for hospitals that participate in the Inpatient Quality Reporting (IQR) and Outpatient Quality Reporting (OQR) programs.,Not Available,Data are shown only for hospitals that participate in the Inpatient Quality Reporting (IQR) and Outpatient Quality Reporting (OQR) programs.,Not Available,Data are shown only for hospitals that participate in the Inpatient Quality Reporting (IQR) and Outpatient Quality Reporting (OQR) programs.,Not Available,Data are shown only for hospitals that participate in the Inpatient Quality Reporting (IQR) and Outpatient Quality Reporting (OQR) programs.,Not Available,Data are shown only for hospitals that participate in the Inpatient Quality Reporting (IQR) and Outpatient Quality Reporting (OQR) programs.,"95 BRADHURST AVENUE VALHALLA, NY (41.092631, -73.801936)"
122,FALSE,330234,1139,WESTCHESTER MEDICAL CENTER,100 WOODS RD,VALHALLA,NY,10595,WESTCHESTER,9144937000,Acute Care Hospitals,Government - Hospital District or Authority,TRUE,TRUE,1,,Same as the national average,,Below the national average,,Below the national average,,Below the national average,,Same as the national average,,Below the national average,,Below the national average,,"100 WOODS RD VALHALLA, NY (41.08768, -73.803897)"
123,FALSE,330008,1153,WYOMING COUNTY COMMUNITY HOSPITAL,400 NORTH MAIN STREET,WARSAW,NY,14569,WYOMING,5857862233,Acute Care Hospitals,Government - Local,TRUE,TRUE,2,,Same as the national average,,Not Available,Results are not available for this reporting period.,Below the national average,,Below the national average,,Same as the national average,,Same as the national average,,Same as the national average,,"400 NORTH MAIN STREET WARSAW, NY (42.753447, -78.132533)"
124,TRUE,330009,1164,BRONX-LEBANON HOSPITAL CENTER,1276 FULTON AVENUE,BRONX,NY,10456,BRONX,2125887000,Acute Care Hospitals,Proprietary,TRUE,TRUE,1,,Same as the national average,,Below the national average,,Below the national average,,Below the national average,,Same as the national average,,Below the national average,,Same as the national average,,"1276 FULTON AVENUE BRONX, NY (40.83175, -73.903756)"
125,TRUE,330127,1165,JACOBI MEDICAL CENTER,1400 PELHAM PARKWAY SOUTH,BRONX,NY,10461,BRONX,7189185000,Acute Care Hospitals,Government - Local,TRUE,TRUE,1,,Same as the national average,,Below the national average,,Below the national average,,Below the national average,,Below the national average,,Below the national average,,Same as the national average,,"1400 PELHAM PARKWAY SOUTH BRONX, NY (40.857455, -73.84721)"
126,TRUE,330059,1169,MONTEFIORE MEDICAL CENTER,111 EAST 210TH STREET,BRONX,NY,10467,BRONX,7189204321,Acute Care Hospitals,Voluntary non-profit - Private,TRUE,TRUE,1,,Above the national average,,Below the national average,,Below the national average,,Below the national average,,Below the national average,,Below the national average,,Same as the national average,,"111 EAST 210TH STREET BRONX, NY (40.879777, -73.879975)"
127,TRUE,330080,1172,LINCOLN MEDICAL & MENTAL HEALTH CENTER,234 EAST 149TH STREET,BRONX,NY,10451,BRONX,7185795000,Acute Care Hospitals,Government - Local,TRUE,TRUE,1,,Same as the national average,,Above the national average,,Below the national average,,Below the national average,,Below the national average,,Below the national average,,Not Available,Results are not available for this reporting period.,"234 EAST 149TH STREET BRONX, NY (40.817681, -73.924072)"
128,TRUE,330399,1176,ST BARNABAS HOSPITAL,4422 THIRD AVENUE,BRONX,NY,10457,BRONX,2129609000,Acute Care Hospitals,Voluntary non-profit - Private,TRUE,TRUE,1,,Same as the national average,,Below the national average,,Below the national average,,Below the national average,,Below the national average,,Below the national average,,Not Available,Results are not available for this reporting period.,"4422 THIRD AVENUE BRONX, NY (40.85277, -73.892168)"
129,TRUE,330385,1186,NORTH CENTRAL BRONX HOSPITAL,3424 KOSSUTH AVENUE & 210TH STREET,BRONX,NY,10467,BRONX,2125195000,Acute Care Hospitals,Government - Local,TRUE,TRUE,2,,Not Available,Results are not available for this reporting period.,Same as the national average,,Same as the national average,,Below the national average,,Same as the national average,,Below the national average,,Not Available,Results are not available for this reporting period.,"3424 KOSSUTH AVENUE &amp; 210TH STREET BRONX, NY"
130,TRUE,330233,1286,BROOKDALE HOSPITAL MEDICAL CENTER,1 BROOKDALE PLAZA,BROOKLYN,NY,11212,KINGS,7182405966,Acute Care Hospitals,Voluntary non-profit - Private,TRUE,TRUE,1,,Same as the national average,,Below the national average,,Below the national average,,Below the national average,,Below the national average,,Below the national average,,Same as the national average,,"1 BROOKDALE PLAZA BROOKLYN, NY (40.6545, -73.91275)"
131,TRUE,330056,1288,BROOKLYN HOSPITAL CENTER AT DOWNTOWN CAMPUS,121 DEKALB AVENUE,BROOKLYN,NY,11201,KINGS,7182508000,Acute Care Hospitals,Voluntary non-profit - Private,TRUE,TRUE,1,,Same as the national average,,Above the national average,,Below the national average,,Below the national average,,Same as the national average,,Below the national average,,Same as the national average,,"121 DEKALB AVENUE BROOKLYN, NY (40.689785, -73.9774)"
132,TRUE,330019,1293,"NEW YORK COMMUNITY HOSPITAL OF BROOKLYN, INC.",2525 KINGS HIGHWAY,BROOKLYN,NY,11229,KINGS,7186925302,Acute Care Hospitals,Voluntary non-profit - Private,TRUE,TRUE,2,,Above the national average,,Above the national average,,Below the national average,,Below the national average,,Same as the national average,,Below the national average,,Not Available,Results are not available for this reporting period.,"2525 KINGS HIGHWAY BROOKLYN, NY (40.613783, -73.948321)"
133,TRUE,330196,1294,CONEY ISLAND HOSPITAL,2601 OCEAN PARKWAY,BROOKLYN,NY,11235,KINGS,7186163000,Acute Care Hospitals,Government - Local,TRUE,TRUE,1,,Same as the national average,,Below the national average,,Below the national average,,Below the national average,,Below the national average,,Below the national average,,Not Available,Results are not available for this reporting period.,"2601 OCEAN PARKWAY BROOKLYN, NY (40.58494, -73.966285)"
134,TRUE,330202,1301,KINGS COUNTY HOSPITAL CENTER,451 CLARKSON AVENUE,BROOKLYN,NY,11203,KINGS,7182453901,Acute Care Hospitals,Government - Local,TRUE,TRUE,1,,Same as the national average,,Below the national average,,Below the national average,,Below the national average,,Below the national average,,Below the national average,,Not Available,Results are not available for this reporting period.,"451 CLARKSON AVENUE BROOKLYN, NY (40.655773, -73.944039)"
135,TRUE,330194,1305,MAIMONIDES MEDICAL CENTER,4802 TENTH AVENUE,BROOKLYN,NY,11219,KINGS,7182836000,Acute Care Hospitals,Voluntary non-profit - Private,TRUE,TRUE,2,,Above the national average,,Below the national average,,Below the national average,,Below the national average,,Same as the national average,,Below the national average,,Above the national average,,"4802 TENTH AVENUE BROOKLYN, NY (40.63908, -73.998668)"
136,TRUE,330236,1306,NEW YORK-PRESBYTERIAN BROOKLYN METHODIST HOSPITAL,506 SIXTH STREET,BROOKLYN,NY,11215,KINGS,7187803000,Acute Care Hospitals,Voluntary non-profit - Private,TRUE,TRUE,1,,Above the national average,,Below the national average,,Below the national average,,Below the national average,,Same as the national average,,Below the national average,,Same as the national average,,"506 SIXTH STREET BROOKLYN, NY (40.668263, -73.979141)"
137,TRUE,330397,1309,INTERFAITH MEDICAL CENTER,1545 ATLANTIC AVENUE,BROOKLYN,NY,11213,KINGS,7186134000,Acute Care Hospitals,Voluntary non-profit - Private,FALSE,TRUE,1,,Same as the national average,,Same as the national average,,Below the national average,,Below the national average,,Same as the national average,,Below the national average,,Not Available,There are too few measures or measure groups reported to calculate a star rating or measure group score.,"1545 ATLANTIC AVENUE BROOKLYN, NY (40.677866, -73.937154)"
138,TRUE,330201,1315,KINGSBROOK JEWISH MEDICAL CENTER,585 SCHENECTADY AVENUE,BROOKLYN,NY,11203,KINGS,7186045789,Acute Care Hospitals,Voluntary non-profit - Private,TRUE,TRUE,1,,Above the national average,,Below the national average,,Below the national average,,Below the national average,,Same as the national average,,Below the national average,,Not Available,Results are not available for this reporting period.,"585 SCHENECTADY AVENUE BROOKLYN, NY (40.658929, -73.934072)"
139,TRUE,330221,1318,WYCKOFF HEIGHTS MEDICAL CENTER,374 STOCKHOLM STREET,BROOKLYN,NY,11237,KINGS,7189637272,Acute Care Hospitals,Voluntary non-profit - Private,TRUE,TRUE,1,,Same as the national average,,Below the national average,,Below the national average,,Below the national average,,Same as the national average,,Below the national average,,Not Available,Results are not available for this reporting period.,"374 STOCKHOLM STREET BROOKLYN, NY (40.704699, -73.917648)"
140,TRUE,330350,1320,UNIVERSITY HOSPITAL OF BROOKLYN ( DOWNSTATE ),445 LENOX ROAD,BROOKLYN,NY,11203,KINGS,7182701000,Acute Care Hospitals,Government - State,TRUE,TRUE,1,,Same as the national average,,Below the national average,,Below the national average,,Below the national average,,Below the national average,,Below the national average,,Same as the national average,,"445 LENOX ROAD BROOKLYN, NY (40.654457, -73.94516)"
141,TRUE,330204,1438,BELLEVUE HOSPITAL CENTER,462 FIRST AVENUE,NEW YORK,NY,10016,NEW YORK,2125614132,Acute Care Hospitals,Government - Local,TRUE,TRUE,1,,Same as the national average,,Below the national average,,Below the national average,,Below the national average,,Same as the national average,,Below the national average,,Same as the national average,,"462 FIRST AVENUE NEW YORK, NY (40.740079, -73.97625)"
142,TRUE,330169,1439,MOUNT SINAI BETH ISRAEL,FIRST AVENUE AT 16TH STREET,NEW YORK,NY,10003,NEW YORK,2124202000,Acute Care Hospitals,Voluntary non-profit - Private,TRUE,TRUE,2,,Above the national average,,Below the national average,,Below the national average,,Below the national average,,Same as the national average,,Below the national average,,Same as the national average,,"FIRST AVENUE AT 16TH STREET NEW YORK, NY (40.732665, -73.9816)"
143,TRUE,330240,1445,HARLEM HOSPITAL CENTER,506 LENOX AVENUE,NEW YORK,NY,10037,NEW YORK,2124918400,Acute Care Hospitals,Government - Local,TRUE,TRUE,1,,Same as the national average,,Same as the national average,,Below the national average,,Below the national average,,Same as the national average,,Below the national average,,Not Available,There are too few measures or measure groups reported to calculate a star rating or measure group score.,"506 LENOX AVENUE NEW YORK, NY (40.814482, -73.940495)"
144,TRUE,330270,1447,HOSPITAL FOR SPECIAL SURGERY,535 EAST 70TH STREET,NEW YORK,NY,10021,NEW YORK,2126061000,Acute Care Hospitals,Voluntary non-profit - Private,TRUE,TRUE,5,,Not Available,Results are not available for this reporting period.,Above the national average,,Not Available,Results are not available for this reporting period.,Above the national average,,Same as the national average,,Not Available,There are too few measures or measure groups reported to calculate a star rating or measure group score.,Not Available,Results are not available for this reporting period.,"535 EAST 70TH STREET NEW YORK, NY (40.764866, -73.953128)"
145,TRUE,330119,1450,LENOX HILL HOSPITAL,100 EAST 77TH STREET,NEW YORK,NY,10021,NEW YORK,2124392345,Acute Care Hospitals,Voluntary non-profit - Private,TRUE,TRUE,2,,Above the national average,,Below the national average,,Below the national average,,Below the national average,,Same as the national average,,Same as the national average,,Same as the national average,,"100 EAST 77TH STREET NEW YORK, NY (40.773964, -73.960611)"
146,TRUE,330199,1454,METROPOLITAN HOSPITAL CENTER,1901 FIRST AVENUE,NEW YORK,NY,10029,NEW YORK,2124236262,Acute Care Hospitals,Government - Local,TRUE,TRUE,1,,Same as the national average,,Below the national average,,Below the national average,,Below the national average,,Same as the national average,,Below the national average,,Not Available,Results are not available for this reporting period.,"1901 FIRST AVENUE NEW YORK, NY (40.78472, -73.943636)"
147,TRUE,330024,1456,MOUNT SINAI HOSPITAL,ONE GUSTAVE L LEVY PLACE,NEW YORK,NY,10029,NEW YORK,2122417981,Acute Care Hospitals,Voluntary non-profit - Private,TRUE,TRUE,3,,Above the national average,,Above the national average,,Below the national average,,Below the national average,,Same as the national average,,Below the national average,,Same as the national average,,"ONE GUSTAVE L LEVY PLACE NEW YORK, NY"
148,TRUE,330101,1458,NEW YORK-PRESBYTERIAN HOSPITAL,525 EAST 68TH STREET,NEW YORK,NY,10065,NEW YORK,2127465454,Acute Care Hospitals,Voluntary non-profit - Private,TRUE,TRUE,4,,Above the national average,,Below the national average,,Above the national average,,Below the national average,,Same as the national average,,Below the national average,,Below the national average,,"525 EAST 68TH STREET NEW YORK, NY (40.76415, -73.954335)"
149,TRUE,330100,1460,N Y EYE AND EAR INFIRMARY,230 SECOND AVE,NEW YORK,NY,10003,NEW YORK,2129794000,Acute Care Hospitals,Voluntary non-profit - Private,FALSE,TRUE,Not Available,There are too few measures or measure groups reported to calculate a star rating or measure group score.,Not Available,There are too few measures or measure groups reported to calculate a star rating or measure group score.,Not Available,Results are not available for this reporting period.,Not Available,There are too few measures or measure groups reported to calculate a star rating or measure group score.,Not Available,There are too few measures or measure groups reported to calculate a star rating or measure group score.,Not Available,Results are not available for this reporting period.,Not Available,There are too few measures or measure groups reported to calculate a star rating or measure group score.,Not Available,There are too few measures or measure groups reported to calculate a star rating or measure group score.,"230 SECOND AVE NEW YORK, NY (40.732559, -73.984816)"
150,TRUE,330214,1463,NYU LANGONE HOSPITALS,550 FIRST AVENUE,NEW YORK,NY,10016,NEW YORK,2122637300,Acute Care Hospitals,Voluntary non-profit - Private,TRUE,TRUE,5,,Above the national average,,Above the national average,,Above the national average,,Same as the national average,,Same as the national average,,Below the national average,,Above the national average,,"550 FIRST AVENUE NEW YORK, NY (40.74226, -73.974661)"
151,TRUE,330387,1465,ROCKEFELLER UNIVERSITY HOSPITAL,1230 YORK AVENUE,NEW YORK,NY,10021,NEW YORK,2125708000,Acute Care Hospitals,Voluntary non-profit - Private,FALSE,,Not Available,Data are shown only for hospitals that participate in the Inpatient Quality Reporting (IQR) and Outpatient Quality Reporting (OQR) programs.,Not Available,Data are shown only for hospitals that participate in the Inpatient Quality Reporting (IQR) and Outpatient Quality Reporting (OQR) programs.,Not Available,Data are shown only for hospitals that participate in the Inpatient Quality Reporting (IQR) and Outpatient Quality Reporting (OQR) programs.,Not Available,Data are shown only for hospitals that participate in the Inpatient Quality Reporting (IQR) and Outpatient Quality Reporting (OQR) programs.,Not Available,Data are shown only for hospitals that participate in the Inpatient Quality Reporting (IQR) and Outpatient Quality Reporting (OQR) programs.,Not Available,Data are shown only for hospitals that participate in the Inpatient Quality Reporting (IQR) and Outpatient Quality Reporting (OQR) programs.,Not Available,Data are shown only for hospitals that participate in the Inpatient Quality Reporting (IQR) and Outpatient Quality Reporting (OQR) programs.,Not Available,Data are shown only for hospitals that participate in the Inpatient Quality Reporting (IQR) and Outpatient Quality Reporting (OQR) programs.,"1230 YORK AVENUE NEW YORK, NY (40.763049, -73.956535)"
152,TRUE,330046,1466,MOUNT SINAI WEST,1000 TENTH AVENUE,NEW YORK,NY,10019,NEW YORK,2125234000,Acute Care Hospitals,Voluntary non-profit - Private,TRUE,TRUE,3,,Above the national average,,Above the national average,,Below the national average,,Below the national average,,Same as the national average,,Below the national average,,Same as the national average,,"1000 TENTH AVENUE NEW YORK, NY (40.770129, -73.987846)"
153,TRUE,330128,1626,ELMHURST HOSPITAL CENTER,79-01 BROADWAY,ELMHURST,NY,11373,QUEENS,7183341141,Acute Care Hospitals,Government - Local,TRUE,TRUE,1,,Same as the national average,,Below the national average,,Below the national average,,Below the national average,,Same as the national average,,Below the national average,,Not Available,Results are not available for this reporting period.,"79-01 BROADWAY ELMHURST, NY (40.74434, -73.88598)"
154,TRUE,330193,1628,FLUSHING HOSPITAL MEDICAL CENTER,45TH AVENUE AND PARSONS BOULEVARD,FLUSHING,NY,11355,QUEENS,7186705000,Acute Care Hospitals,Voluntary non-profit - Private,TRUE,TRUE,1,,Below the national average,,Below the national average,,Below the national average,,Below the national average,,Same as the national average,,Below the national average,,Not Available,Results are not available for this reporting period.,"45TH AVENUE AND PARSONS BOULEVARD FLUSHING, NY (40.755636, -73.815645)"
155,TRUE,330014,1629,JAMAICA HOSPITAL MEDICAL CENTER,89TH AVENUE AND VAN WYCK EXPRESSWAY,JAMAICA,NY,11418,QUEENS,7182626000,Acute Care Hospitals,Voluntary non-profit - Private,TRUE,TRUE,1,,Below the national average,,Below the national average,,Below the national average,,Below the national average,,Below the national average,,Below the national average,,Same as the national average,,"89TH AVENUE AND VAN WYCK EXPRESSWAY JAMAICA, NY (40.701412, -73.816302)"
156,TRUE,330195,1630,LONG ISLAND JEWISH MEDICAL CENTER,270 - 05 76TH AVENUE,NEW HYDE PARK,NY,11040,QUEENS,7184707000,Acute Care Hospitals,Voluntary non-profit - Private,TRUE,TRUE,1,,Above the national average,,Below the national average,,Below the national average,,Below the national average,,Below the national average,,Below the national average,,Above the national average,,"270 - 05 76TH AVENUE NEW HYDE PARK, NY"
157,TRUE,330231,1633,QUEENS HOSPITAL CENTER,82-68 164TH STREET,JAMAICA,NY,11432,QUEENS,7188833000,Acute Care Hospitals,Government - Local,TRUE,TRUE,1,,Same as the national average,,Below the national average,,Below the national average,,Below the national average,,Same as the national average,,Below the national average,,Not Available,Results are not available for this reporting period.,"82-68 164TH STREET JAMAICA, NY (40.71698, -73.803431)"
158,TRUE,330395,1635,ST JOHN'S EPISCOPAL HOSPITAL AT SOUTH SHORE,327 BEACH 19TH STREET,FAR ROCKAWAY,NY,11691,QUEENS,7188697000,Acute Care Hospitals,Voluntary non-profit - Church,TRUE,TRUE,1,,Below the national average,,Below the national average,,Below the national average,,Below the national average,,Same as the national average,,Below the national average,,Not Available,Results are not available for this reporting period.,"327 BEACH 19TH STREET FAR ROCKAWAY, NY (40.598675, -73.75268)"
159,TRUE,330055,1637,NEW YORK-PRESBYTERIAN/QUEENS,56-45 MAIN STREET,FLUSHING,NY,11355,QUEENS,7186702000,Acute Care Hospitals,Voluntary non-profit - Private,TRUE,TRUE,1,,Same as the national average,,Below the national average,,Below the national average,,Below the national average,,Same as the national average,,Below the national average,,Same as the national average,,"56-45 MAIN STREET FLUSHING, NY"
160,TRUE,330396,1692,WOODHULL MEDICAL AND MENTAL HEALTH CENTER,760 BROADWAY,BROOKLYN,NY,11206,KINGS,7189638100,Acute Care Hospitals,Government - Local,TRUE,TRUE,1,,Same as the national average,,Same as the national average,,Below the national average,,Below the national average,,Below the national average,,Below the national average,,Not Available,Results are not available for this reporting period.,"760 BROADWAY BROOKLYN, NY (40.700512, -73.941557)"
161,TRUE,330028,1738,RICHMOND UNIVERSITY MEDICAL CENTER,355 BARD AVENUE,STATEN ISLAND,NY,10304,RICHMOND,7188181234,Acute Care Hospitals,Voluntary non-profit - Private,TRUE,TRUE,1,,Same as the national average,,Below the national average,,Below the national average,,Below the national average,,Below the national average,,Below the national average,,Not Available,Results are not available for this reporting period.,"355 BARD AVENUE STATEN ISLAND, NY (40.63551, -74.106693)"
162,TRUE,330160,1740,STATEN ISLAND UNIVERSITY HOSPITAL,475 SEAVIEW AVENUE,STATEN ISLAND,NY,10305,RICHMOND,7182269000,Acute Care Hospitals,Voluntary non-profit - Private,TRUE,TRUE,1,,Same as the national average,,Below the national average,,Below the national average,,Below the national average,,Same as the national average,,Below the national average,,Same as the national average,,"475 SEAVIEW AVENUE STATEN ISLAND, NY (40.584082, -74.087013)"
163,FALSE,330408,6013,TRI-TOWN REGIONAL HEALTHCARE,43 WEST PEARL STREET,SIDNEY,NY,13838,DELAWARE,6075637080,Acute Care Hospitals,Voluntary non-profit - Private,TRUE,,Not Available,Data are shown only for hospitals that participate in the Inpatient Quality Reporting (IQR) and Outpatient Quality Reporting (OQR) programs.,Not Available,Data are shown only for hospitals that participate in the Inpatient Quality Reporting (IQR) and Outpatient Quality Reporting (OQR) programs.,Not Available,Data are shown only for hospitals that participate in the Inpatient Quality Reporting (IQR) and Outpatient Quality Reporting (OQR) programs.,Not Available,Data are shown only for hospitals that participate in the Inpatient Quality Reporting (IQR) and Outpatient Quality Reporting (OQR) programs.,Not Available,Data are shown only for hospitals that participate in the Inpatient Quality Reporting (IQR) and Outpatient Quality Reporting (OQR) programs.,Not Available,Data are shown only for hospitals that participate in the Inpatient Quality Reporting (IQR) and Outpatient Quality Reporting (OQR) programs.,Not Available,Data are shown only for hospitals that participate in the Inpatient Quality Reporting (IQR) and Outpatient Quality Reporting (OQR) programs.,Not Available,Data are shown only for hospitals that participate in the Inpatient Quality Reporting (IQR) and Outpatient Quality Reporting (OQR) programs.,"43 WEST PEARL STREET SIDNEY, NY (42.304648, -75.395684)"
164,FALSE,330409,9250,BURDETT CARE CENTER,2215 BURDETT AVE,TROY,NY,12180,RENSSELAER,5182713655,Acute Care Hospitals,Voluntary non-profit - Private,FALSE,TRUE,Not Available,Data are shown only for hospitals that participate in the Inpatient Quality Reporting (IQR) and Outpatient Quality Reporting (OQR) programs.,Not Available,Data are shown only for hospitals that participate in the Inpatient Quality Reporting (IQR) and Outpatient Quality Reporting (OQR) programs.,Not Available,Data are shown only for hospitals that participate in the Inpatient Quality Reporting (IQR) and Outpatient Quality Reporting (OQR) programs.,Not Available,Data are shown only for hospitals that participate in the Inpatient Quality Reporting (IQR) and Outpatient Quality Reporting (OQR) programs.,Not Available,Data are shown only for hospitals that participate in the Inpatient Quality Reporting (IQR) and Outpatient Quality Reporting (OQR) programs.,Not Available,Data are shown only for hospitals that participate in the Inpatient Quality Reporting (IQR) and Outpatient Quality Reporting (OQR) programs.,Not Available,Data are shown only for hospitals that participate in the Inpatient Quality Reporting (IQR) and Outpatient Quality Reporting (OQR) programs.,Not Available,Data are shown only for hospitals that participate in the Inpatient Quality Reporting (IQR) and Outpatient Quality Reporting (OQR) programs.,"2215 BURDETT AVE TROY, NY (42.733395, -73.671434)"
165,FALSE,330268,10216,COBLESKILL REGIONAL HOSPITAL,178 GRANDVIEW DRIVE,COBLESKILL,NY,12043,SCHOHARIE,5182543456,Acute Care Hospitals,Voluntary non-profit - Private,TRUE,TRUE,3,,Same as the national average,,Not Available,Results are not available for this reporting period.,Above the national average,,Same as the national average,,Same as the national average,,Same as the national average,,Not Available,Results are not available for this reporting period.,"178 GRANDVIEW DRIVE COBLESKILL, NY (42.686224, -74.482987)"
166,FALSE,331307,,CLIFTON FINE HOSPITAL,1014 OSWEGATCHIE TRAIL,STAR LAKE,NY,13690,ST. LAWRENCE,3158483351,Critical Access Hospitals,Voluntary non-profit - Private,TRUE,TRUE,Not Available,There are too few measures or measure groups reported to calculate a star rating or measure group score.,Not Available,There are too few measures or measure groups reported to calculate a star rating or measure group score.,Not Available,There are too few measures or measure groups reported to calculate a star rating or measure group score.,Not Available,Results are not available for this reporting period.,Not Available,There are too few measures or measure groups reported to calculate a star rating or measure group score.,Not Available,There are too few measures or measure groups reported to calculate a star rating or measure group score.,Not Available,There are too few measures or measure groups reported to calculate a star rating or measure group score.,Not Available,There are too few measures or measure groups reported to calculate a star rating or measure group score.,"1014 OSWEGATCHIE TRAIL STAR LAKE, NY (44.16292, -75.055931)"
167,FALSE,331304,,MARGARETVILLE MEMORIAL HOSPITAL,42084 STATE HIGHWAY 28,MARGARETVILLE,NY,12455,DELAWARE,8455862631,Critical Access Hospitals,Voluntary non-profit - Private,TRUE,TRUE,Not Available,There are too few measures or measure groups reported to calculate a star rating or measure group score.,Not Available,Results are not available for this reporting period.,Not Available,There are too few measures or measure groups reported to calculate a star rating or measure group score.,Same as the national average,,Not Available,There are too few measures or measure groups reported to calculate a star rating or measure group score.,Not Available,Results are not available for this reporting period.,Not Available,Results are not available for this reporting period.,Not Available,Results are not available for this reporting period.,"42084 STATE HIGHWAY 28 MARGARETVILLE, NY (42.147654, -74.642629)"
168,FALSE,331306,,MOSES-LUDINGTON HOSPITAL,1019 WICKER STREET,TICONDEROGA,NY,12883,ESSEX,5185853700,Critical Access Hospitals,Voluntary non-profit - Private,TRUE,TRUE,Not Available,There are too few measures or measure groups reported to calculate a star rating or measure group score.,Not Available,Results are not available for this reporting period.,Not Available,There are too few measures or measure groups reported to calculate a star rating or measure group score.,Not Available,Results are not available for this reporting period.,Not Available,There are too few measures or measure groups reported to calculate a star rating or measure group score.,Not Available,There are too few measures or measure groups reported to calculate a star rating or measure group score.,Not Available,There are too few measures or measure groups reported to calculate a star rating or measure group score.,Not Available,Results are not available for this reporting period.,"1019 WICKER STREET TICONDEROGA, NY (43.849591, -73.435579)"
169,FALSE,331314,,SOLDIERS AND SAILORS MEMORIAL HOSPITAL OF YATES,418 NORTH MAIN STREET,PENN YAN,NY,14527,YATES,3157874175,Critical Access Hospitals,Voluntary non-profit - Other,TRUE,TRUE,3,,Same as the national average,,Not Available,There are too few measures or measure groups reported to calculate a star rating or measure group score.,Same as the national average,,Same as the national average,,Same as the national average,,Above the national average,,Not Available,Results are not available for this reporting period.,"418 NORTH MAIN STREET PENN YAN, NY (42.670468, -77.059591)"
